모든 자료 출처,,기후에너지환경부_한강홍수통제소_실시간수문자료,,,,,https://www.hrfco.go.kr/sumun/boList.do,,,,,,,,,,,,,,,,,
,여주보(상류)_수위,,,여주보(하류)_수위,,,여주시(여주대교)_강수량,,,,,여주시(주암리)_강수량,,원주시(문막교)_수위,,,충주댐_댐,,,충주시(수안보면사무소)_강수량,,충주조정지댐_댐,,
,www.hrfco.go.kr/sumun/wlpopup.do?obscd=1007639&ymdhm=202605142340&allRegions=N&type=10M,,,www.hrfco.go.kr/sumun/wlpopup.do?obscd=1007641&ymdhm=202605142340&allRegions=N&type=10M,,,www.hrfco.go.kr/sumun/rfpopup.do?obscd=10074030&ymdhm=202605142340&allRegions=N&type=10M,,,,,www.hrfco.go.kr/sumun/rfpopup.do?obscd=10074100&ymdhm=202605142340&allRegions=N&type=10M,,www.hrfco.go.kr/sumun/wlpopup.do?obscd=1006690&ymdhm=202605142340&allRegions=N&type=10M,,,www.hrfco.go.kr/sumun/dampopup.do?obscd=1003110&ymdhm=202605142340&allRegions=N&type=10M,,,www.hrfco.go.kr/sumun/rfpopup.do?obscd=10044020&ymdhm=202605142340&allRegions=N&type=10M,,www.hrfco.go.kr/sumun/dampopup.do?obscd=1003611&ymdhm=202605142340&allRegions=N&type=10M,,
시간,여주보(상류)_수위_수위(m),여주보(상류)_수위_유량(m³/s),여주보(상류)_수위_해발수위(El.m),여주보(하류)_수위_수위(m),여주보(하류)_수위_유량(m³/s),여주보(하류)_수위_해발수위(El.m),여주시(여주대교)_강수량_강수량(mm),여주시(여주대교)_강수량_누적강수량(mm),여주시(여주대교)_수위_수위(m),여주시(여주대교)_수위_유량(m³/s),여주시(여주대교)_수위_해발수위(El.m),여주시(주암리)_강수량_강수량(mm),여주시(주암리)_강수량_누적강수량(mm),원주시(문막교)_수위_수위(m),원주시(문막교)_수위_유량(m³/s),원주시(문막교)_수위_해발수위(El.m),충주댐_댐_현재수위(EL.m),충주댐_댐_유입량(m³/s),충주댐_댐_방류량(m³/s),충주시(수안보면사무소)_강수량_강수량(mm),충주시(수안보면사무소)_강수량_누적강수량(mm),충주조정지댐_댐_현재수위(EL.m),충주조정지댐_댐_유입량(m³/s),충주조정지댐_댐_방류량(m³/s)
2026-05-11 0:30,33.17,,33.17,28.42,0,28.42,0,9,0.76,114.2,33.29,0,15,0.87,12.39,51.59,125.156,93.874,0.43,0,14,64.363,41.358,99.856
2026-05-11 0:40,33.17,,33.17,28.42,0,28.42,0,9,0.76,114.2,33.29,0,15,0.87,12.39,51.59,125.155,82.208,0.43,0,14,64.357,34.581,99.563
2026-05-11 0:50,33.17,,33.17,28.42,0,28.42,0,9,0.76,115.38,33.29,0,15,0.87,12.39,51.59,125.156,64.652,0.43,0,14,64.35,31.315,100.192
2026-05-11 1:00,33.17,,33.17,28.42,0,28.42,0,9,0.75,115.14,33.28,0,15,0.87,12.39,51.59,125.159,96.819,0.43,0,14,64.349,51.819,99.536
2026-05-11 1:10,33.17,,33.17,28.42,0,28.42,0,9,0.76,114.2,33.29,0,15,0.87,12.39,51.59,125.161,172.819,0.43,0,14,64.34,41.877,100.238
2026-05-11 1:20,33.17,,33.17,28.42,0,28.42,0,9,0.76,116.56,33.29,0,15,0.87,12.39,51.59,125.158,52.986,0.43,0,14,64.335,48.875,100.353
2026-05-11 1:30,33.17,,33.17,28.42,0,28.42,0,9,0.76,118.91,33.29,0,15,0.87,12.39,51.59,125.157,0,0.43,0,14,64.328,28.77,100.386
2026-05-11 1:40,33.17,,33.17,28.42,0,28.42,0,9,0.76,113.03,33.29,0,15,0.87,12.39,51.59,125.157,0,0.43,0,14,64.32,32.47,100.506
2026-05-11 1:50,33.17,,33.17,28.42,0,28.42,0,9,0.76,114.2,33.29,0,15,0.87,12.39,51.59,125.156,0,0.43,0,14,64.312,22.446,100.611
2026-05-11 2:00,33.17,,33.17,28.42,0,28.42,0,9,0.76,113.03,33.29,0,15,0.87,12.39,51.59,125.16,52.652,0.43,0,14,64.306,25.975,100.308
2026-05-11 2:10,33.17,,33.17,28.42,0,28.42,0,9,0.76,115.38,33.29,0,15,0.87,12.39,51.59,125.161,108.319,0.43,0,14,64.3,32.84,100.436
2026-05-11 2:20,33.17,,33.17,28.42,0,28.42,0,9,0.76,118.91,33.29,0,15,0.87,12.39,51.59,125.162,163.986,0.43,0,14,64.296,46.249,100.004
2026-05-11 2:30,33.17,,33.17,28.42,0,28.42,0,9,0.76,118.91,33.29,0,15,0.87,12.39,51.59,125.163,93.874,0.43,0,14,64.29,46.301,100.129
2026-05-11 2:40,33.17,,33.17,28.42,0,28.42,0,9,0.75,116.31,33.28,0,15,0.87,12.39,51.59,125.163,38.43,0.43,0,14,64.28,32.946,100.54
2026-05-11 2:50,33.17,,33.17,28.42,0,28.42,0,9,0.75,116.31,33.28,0,15,0.87,12.39,51.59,125.161,0,0.43,0,14,64.273,23.185,100.553
2026-05-11 3:00,33.17,,33.17,28.42,0,28.42,0,9,0.75,118.66,33.28,0,15,0.87,12.39,51.59,125.161,0,0.43,0,14,64.266,19.988,100.206
2026-05-11 3:10,33.17,,33.17,28.42,0,28.42,0,9,0.75,113.96,33.28,0,15,0.87,12.39,51.59,125.163,0,0.43,0,14,64.259,30.278,100.577
2026-05-11 3:20,33.17,,33.17,28.42,0,28.42,0,9,0.75,115.14,33.28,0,15,0.87,12.39,51.59,125.163,61.708,0.43,0,14,64.25,23.718,100.372
2026-05-11 3:30,33.17,,33.17,28.42,0,28.42,0,9,0.75,116.31,33.28,0,15,0.86,11.68,51.58,125.164,52.819,0.43,0,14,64.243,23.666,99.716
2026-05-11 3:40,33.17,,33.17,28.42,111.26,28.42,0,9,0.76,115.38,33.29,0,15,0.86,11.68,51.58,125.164,26.708,0.43,0,14,64.239,33.439,99.563
2026-05-11 3:50,33.17,,33.17,28.42,116.09,28.42,0,9,0.76,115.38,33.29,0,15,0.86,11.68,51.58,125.164,9.097,0.43,0,14,64.23,33.446,99.893
2026-05-11 4:00,33.17,,33.17,28.42,114.02,28.42,0,9,0.76,114.2,33.29,0,15,0.86,11.68,51.58,125.165,9.208,0.43,0,14,64.225,40.43,100.335
2026-05-11 4:10,33.17,,33.17,28.42,110.56,28.42,0,9,0.75,116.31,33.28,0,15,0.86,11.68,51.58,125.165,17.986,0.43,0,14,64.217,27.508,100.296
2026-05-11 4:20,33.17,,33.17,28.42,111.95,28.42,0,9,0.75,117.49,33.28,0,15,0.86,11.68,51.58,125.165,32.486,0.43,0,14,64.209,31.042,100.163
2026-05-11 4:30,33.17,,33.17,28.42,110.56,28.42,0,9,0.75,115.14,33.28,0,15,0.86,11.68,51.58,125.168,93.93,0.43,0,14,64.2,17.919,99.967
2026-05-11 4:40,33.17,,33.17,28.42,114.02,28.42,0,9,0.75,113.96,33.28,0,15,0.86,11.68,51.58,125.169,134.819,0.43,0,14,64.193,21.377,100.17
2026-05-11 4:50,33.17,,33.17,28.42,115.4,28.42,0,9,0.75,117.49,33.28,0,15,0.86,11.68,51.58,125.169,111.43,0.43,0,14,64.189,34.593,100.145
2026-05-11 5:00,33.17,,33.17,28.42,112.64,28.42,0,9,0.75,113.96,33.28,0,15,0.86,11.68,51.58,125.17,79.319,0.43,0,14,64.179,31.45,99.702
2026-05-11 5:10,33.17,,33.17,28.42,116.78,28.42,0,9,0.75,115.14,33.28,0,15,0.86,11.68,51.58,125.17,0.208,0.43,0,14,64.17,24.9,99.688
2026-05-11 5:20,33.17,,33.17,28.42,111.95,28.42,0,9,0.76,115.38,33.29,0,15,0.86,11.68,51.58,125.169,0,0.43,0,14,64.161,8.856,100.178
2026-05-11 5:30,33.17,,33.17,28.42,114.71,28.42,0,9,0.76,115.38,33.29,0,15,0.86,11.68,51.58,125.169,0,0.43,0,14,64.156,25.32,100.096
2026-05-11 5:40,33.17,,33.17,28.42,113.33,28.42,0,9,0.75,113.96,33.28,0,15,0.86,11.68,51.58,125.17,0,0.43,0,14,64.15,35.458,100.267
2026-05-11 5:50,33.27,,33.27,28.42,114.02,28.42,0,9,0.75,117.49,33.28,0,15,0.86,11.68,51.58,125.171,44.208,0.43,0,14,64.14,32.323,100.105
2026-05-11 6:00,33.27,,33.27,28.42,114.71,28.42,0,9,0.75,112.79,33.28,0,15,0.86,11.68,51.58,125.173,120.263,0.43,0,14,64.133,26.056,100.131
2026-05-11 6:10,33.27,,33.27,28.42,112.64,28.42,0,9,0.75,110.44,33.28,0,15,0.86,11.68,51.58,125.174,105.652,0.43,0,14,64.126,23.045,100.565
2026-05-11 6:20,33.27,,33.27,28.42,111.95,28.42,0,9,0.75,111.61,33.28,0,15,0.86,11.68,51.58,125.174,73.486,0.43,0,14,64.121,39.367,100.238
2026-05-11 6:30,33.26,,33.26,28.42,116.09,28.42,0,9,0.75,113.96,33.28,0,15,0.86,11.68,51.58,125.174,0,0.43,0,14,64.111,29.934,100.165
2026-05-11 6:40,33.26,,33.26,28.42,114.02,28.42,0,9,0.76,116.56,33.29,0,15,0.86,11.68,51.58,125.175,3.097,0.43,0,14,64.102,23.682,100.477
2026-05-11 6:50,33.26,,33.26,28.42,112.64,28.42,0,9,0.75,113.96,33.28,0,15,0.86,11.68,51.58,125.175,11.874,0.43,0,14,64.093,11.256,100.625
2026-05-11 7:00,33.25,,33.25,28.42,109.11,28.42,0,9,0.75,113.96,33.28,0,15,0.86,11.68,51.58,125.175,35.541,0.43,0,14,64.088,27.559,100.743
2026-05-11 7:10,33.25,,33.25,28.42,113.23,28.42,0,9,0.75,111.61,33.28,0,15,0.86,11.68,51.58,125.176,26.763,0.43,0,14,64.08,31.074,101.022
2026-05-11 7:20,33.25,,33.25,28.42,113.23,28.42,0,9,0.75,110.44,33.28,0,15,0.86,11.68,51.58,125.177,50.097,0.43,0,14,64.073,37.469,100.475
2026-05-11 7:30,33.25,,33.25,28.42,114.6,28.42,0,9,0.75,116.31,33.28,0,15,0.86,11.68,51.58,125.177,58.874,0.43,0,14,64.065,28.075,100.563
2026-05-11 7:40,33.24,,33.24,28.42,114.6,28.42,0,9,0.75,115.14,33.28,0,15,0.86,11.68,51.58,125.177,11.986,0.43,0,14,64.056,24.97,100.54
2026-05-11 7:50,33.24,,33.24,28.41,115.29,28.41,0,9,0.75,113.96,33.28,0,15,0.86,11.68,51.58,125.177,32.708,0.43,0,14,64.045,12.744,100.628
2026-05-11 8:00,33.24,,33.24,28.42,115.29,28.42,0,9,0.75,113.96,33.28,0,15,0.86,11.68,51.58,125.179,50.432,1.436,0,14,64.04,22.319,100.621
2026-05-11 8:10,33.23,,33.23,28.42,115.29,28.42,0,9,0.75,113.96,33.28,0,15,0.86,11.68,51.58,125.168,0,258.626,0,14,64.033,28.819,100.708
2026-05-11 8:20,33.17,,33.17,28.41,114.6,28.41,0,9,0.75,111.61,33.28,0,15,0.86,11.68,51.58,125.158,0,309.118,0,14,64.025,38.399,100.701
2026-05-11 8:30,33.17,,33.17,28.41,115.97,28.41,0,9,0.75,112.79,33.28,0,15,0.86,11.68,51.58,125.158,0,316.012,0,14,64.019,35.483,100.875
2026-05-11 8:40,33.17,,33.17,28.41,115.97,28.41,0,9,0.75,112.79,33.28,0,15,0.86,11.68,51.58,125.155,0,312.411,0,14,64.01,28.269,100.899
2026-05-11 8:50,33.17,,33.17,28.41,113.23,28.41,0,9,0.75,113.96,33.28,0,15,0.86,11.68,51.58,125.15,79.65,311.529,0,14,64.001,21.301,100.298
2026-05-11 9:00,33.17,,33.17,28.41,112.54,28.41,0,9,0.75,110.79,33.28,0,15,0.86,11.68,51.58,125.15,80.998,311.222,0,14,63.994,14.824,99.444
2026-05-11 9:10,33.17,,33.17,28.41,115.97,28.41,0,9,0.75,114.66,33.28,0,15,0.86,11.68,51.58,125.15,153.735,302.954,0,14,63.986,15.663,100.248
2026-05-11 9:20,33.17,,33.17,28.41,116.66,28.41,0,9,0.75,112.08,33.28,0,15,0.86,11.68,51.58,125.147,230.737,288.203,0,14,63.978,19.434,100.778
2026-05-11 9:30,33.17,,33.17,28.41,115.29,28.41,0,9,0.75,110.79,33.28,0,15,0.86,11.68,51.58,125.147,207.945,277.845,0,14,63.97,16.576,100.871
2026-05-11 9:40,33.17,,33.17,28.41,114.6,28.41,0,9,0.75,110.79,33.28,0,15,0.86,11.68,51.58,125.141,39.538,305.731,0,14,63.961,13.435,100.992
2026-05-11 9:50,33.15,,33.15,28.41,99.5,28.41,0,9,0.75,113.37,33.28,0,15,0.86,11.68,51.58,125.135,0,308.729,0,14,63.96,38.11,101.134
2026-05-11 10:00,33.15,,33.15,28.41,99.5,28.41,0,9,0.75,113.37,33.28,0,15,0.86,11.68,51.58,125.135,0,229.709,0,14,63.974,115.868,100.479
2026-05-11 10:10,33.15,,33.15,28.42,99.5,28.42,0,9,0.75,114.66,33.28,0,15,0.86,11.68,51.58,125.145,296.401,0.43,0,14,64.006,257.596,101.344
2026-05-11 10:20,33.15,,33.15,28.42,101.59,28.42,0,9,0.75,114.66,33.28,0,15,0.86,11.68,51.58,125.149,479.801,0.43,0,14,64.03,339.556,101.346
2026-05-11 10:30,33.15,,33.15,28.43,102.99,28.43,0,9,0.75,110.79,33.28,0,15,0.86,11.68,51.58,125.146,315.819,0.43,0,14,64.041,324.25,101.56
2026-05-11 10:40,33.15,,33.15,28.43,101.58,28.43,0,9,0.75,113.37,33.28,0,15,0.86,11.68,51.58,125.143,0,0.43,0,14,64.05,241.991,100.736
2026-05-11 10:50,33.15,,33.15,28.43,102.99,28.43,0,9,0.75,112.08,33.28,0,15,0.86,11.68,51.58,125.141,0,0.43,0,14,64.06,194.693,100.618
2026-05-11 11:00,33.15,,33.15,28.44,107.25,28.44,0,9,0.75,113.37,33.28,0,15,0.86,11.68,51.58,125.138,0,0.43,0,14,64.08,222.99,100.283
2026-05-11 11:10,33.15,,33.15,28.44,107.25,28.44,0,9,0.75,117.23,33.28,0,15,0.86,11.68,51.58,125.138,0,0.43,0,14,64.096,245.214,99.743
2026-05-11 11:20,33.15,,33.15,28.44,107.97,28.44,0,9,0.75,118.52,33.28,0,15,0.86,11.68,51.58,125.138,0,0.43,0,14,64.107,248.901,100.677
2026-05-11 11:30,33.15,,33.15,28.44,107.97,28.44,0,9,0.75,115.95,33.28,0,15,0.86,11.68,51.58,125.139,23.763,0.43,0,14,64.106,182.794,100.629
2026-05-11 11:40,33.15,,33.15,28.45,108.69,28.45,0,9,0.75,112.08,33.28,0,15,0.86,11.68,51.58,125.145,175.43,0.43,0,14,64.1,113.627,101.408
2026-05-11 11:50,33.15,,33.15,28.45,110.86,28.45,0,9,0.75,113.37,33.28,0,15,0.86,11.68,51.58,125.145,204.763,0.43,0,14,64.1,78.577,100.53
2026-05-11 12:00,33.15,,33.15,28.45,105.1,28.45,0,9,0.75,114.66,33.28,0,15,0.86,11.68,51.58,125.144,152.208,0.43,0,14,64.09,49.802,99.801
2026-05-11 12:10,33.15,,33.15,28.45,105.1,28.45,0,9,0.75,113.37,33.28,0,15,0.86,11.68,51.58,125.143,0,0.43,0,14,64.09,68.519,100.394
2026-05-11 12:20,33.15,,33.15,28.45,105.1,28.45,0,9,0.74,114.43,33.27,0,15,0.86,11.68,51.58,125.139,0,0.43,0,14,64.09,68.646,100.91
2026-05-11 12:30,33.15,,33.15,28.46,105.1,28.46,0,9,0.75,115.95,33.28,0,15,0.86,11.68,51.58,125.139,0,0.43,0,14,64.09,100.506,100.215
2026-05-11 12:40,33.15,,33.15,28.46,0,28.46,0,9,0.75,117.23,33.28,0,15,0.86,11.68,51.58,125.14,0,0.43,0,14,64.081,72.257,101.147
2026-05-11 12:50,33.15,,33.15,28.46,0,28.46,0,9,0.75,119.81,33.28,0,15,0.86,11.68,51.58,125.142,96.93,0.43,0,14,64.075,53.103,100.281
2026-05-11 13:00,33.15,,33.15,28.46,0,28.46,0,9,0.75,115.95,33.28,0,15,0.86,11.68,51.58,125.145,155.152,0.43,0,14,64.066,24.888,100.571
2026-05-11 13:10,33.15,,33.15,28.46,0,28.46,0,9,0.75,117.23,33.28,0,15,0.86,11.68,51.58,125.145,146.374,0.43,0,14,64.06,34.483,101.096
2026-05-11 13:20,33.15,,33.15,28.46,0,28.46,0,9,0.75,117.23,33.28,0,15,0.86,11.68,51.58,125.145,70.43,0.43,0,14,64.056,40.973,100.587
2026-05-11 13:30,33.15,,33.15,28.46,0,28.46,0,9,0.75,117.23,33.28,0,15,0.86,11.68,51.58,125.144,0,0.43,0,14,64.05,50.811,101.416
2026-05-11 13:40,33.15,,33.15,28.47,0,28.47,0,9,0.75,117.23,33.28,0,15,0.86,11.68,51.58,125.144,0,0.43,0,14,64.042,44.562,100.684
2026-05-11 13:50,33.15,,33.15,28.47,0,28.47,0,9,0.74,118.29,33.27,0,15,0.86,11.68,51.58,125.145,0,0.43,0,14,64.039,47.87,100.844
2026-05-11 14:00,33.15,,33.15,28.47,0,28.47,0,9,0.75,117.23,33.28,0,15,0.86,11.68,51.58,125.146,64.708,0.43,0,14,64.03,38.395,100.824
2026-05-11 14:10,33.15,,33.15,28.47,0,28.47,0,9,0.74,118.29,33.27,0,15,0.86,11.68,51.58,125.147,85.152,0.43,0,14,64.021,35.389,100.499
2026-05-11 14:20,33.15,,33.15,28.47,0,28.47,0,9,0.74,118.29,33.27,0,15,0.86,11.68,51.58,125.147,58.819,0.43,0,14,64.014,23.072,100.895
2026-05-11 14:30,33.15,,33.15,28.47,0,28.47,0,9,0.75,117.23,33.28,0,15,0.85,11,51.57,125.146,0,0.43,0,14,64.01,37.653,101.234
2026-05-11 14:40,33.15,,33.15,28.47,0,28.47,0,9,0.74,117,33.27,0,15,0.85,11,51.57,125.147,0,0.43,0,14,64.002,37.626,101.085
2026-05-11 14:50,33.15,,33.15,28.47,0,28.47,0,9,0.74,114.43,33.27,0,15,0.85,11,51.57,125.145,0,0.43,0,14,63.995,34.642,100.775
2026-05-11 15:00,33.15,,33.15,28.47,0,28.47,0,9,0.74,117,33.27,0,15,0.85,11,51.57,125.145,0,10.378,0,14,63.988,23.549,100.789
2026-05-11 15:10,33.15,,33.15,28.47,0,28.47,0,9,0.74,118.29,33.27,0,15,0.85,11,51.57,125.138,0,293.845,0,14,63.979,20.043,100.734
2026-05-11 15:20,33.15,,33.15,28.47,0,28.47,0,9,0.74,115.72,33.27,0,15,0.85,11,51.57,125.13,0,329.349,0,14,63.97,13.225,100.82
2026-05-11 15:30,33.15,,33.15,28.48,0,28.48,0,9,0.74,114.43,33.27,0,15,0.85,11,51.57,125.134,0,323.814,0,14,63.962,9.822,100.913
2026-05-11 15:40,33.15,,33.15,28.48,0,28.48,0,9,0.74,117,33.27,0,15,0.85,11,51.57,125.136,221.903,302.046,0,14,63.958,27.551,101.087
2026-05-11 15:50,33.15,,33.15,28.48,0,28.48,0,9,0.74,113.15,33.27,0,15,0.85,11,51.57,125.133,401.012,314.344,0,14,63.95,31.265,101.297
2026-05-11 16:00,33.15,,33.15,28.48,0,28.48,0,9,0.74,113.15,33.27,0,15,0.85,11,51.57,125.134,345.253,304.868,0,14,63.942,31.29,100.655
2026-05-11 16:10,33.15,,33.15,28.48,0,28.48,0,9,0.73,115.49,33.26,0,15,0.85,11,51.57,125.133,258.821,296.75,0,14,63.935,20.769,100.689
2026-05-11 16:20,33.15,,33.15,28.48,0,28.48,1,10,0.74,117,33.27,0,15,0.85,11,51.57,125.129,179.996,306.037,0,14,63.924,10.389,100.992
2026-05-11 16:30,33.15,,33.15,28.49,0,28.49,0,10,0.74,117,33.27,0,15,0.85,11,51.57,125.125,26.028,307.796,0,14,63.916,10.571,100.867
2026-05-11 16:40,33.15,,33.15,28.48,0,28.48,0,10,0.74,118.29,33.27,1,16,0.86,11.68,51.58,125.12,0,311.39,0,14,63.91,14.164,100.801
2026-05-11 16:50,33.15,,33.15,28.48,0,28.48,0,10,0.74,118.29,33.27,0,16,0.86,11.68,51.58,125.117,0,317.523,0,14,63.92,86.995,100.984
2026-05-11 17:00,33.15,,33.15,28.48,0,28.48,0,10,0.75,115.95,33.28,0,16,0.86,11.68,51.58,125.113,0,316.174,0,14,63.946,204.068,100.921
2026-05-11 17:10,33.15,,33.15,28.48,0,28.48,0,10,0.75,112.08,33.28,0,16,0.86,11.68,51.58,125.11,43.759,293.58,0,14,63.976,329.5,100.43
2026-05-11 17:20,33.15,,33.15,28.47,0,28.47,0,10,0.74,115.72,33.27,0,16,0.86,11.68,51.58,125.103,0,316.022,0,14,63.994,358.843,100.679
2026-05-11 17:30,33.15,,33.15,28.47,0,28.47,0,10,0.74,115.72,33.27,0,16,0.86,11.68,51.58,125.095,0,306.423,0,14,64.004,304.652,100.682
2026-05-11 17:40,33.15,,33.15,28.46,0,28.46,0,10,0.74,117,33.27,0,16,0.86,11.68,51.58,125.093,0,294.286,0,14,64.015,237.721,100.47
2026-05-11 17:50,33.15,,33.15,28.46,0,28.46,0,10,0.74,115.72,33.27,0,16,0.86,11.68,51.58,125.089,0,304.763,0,14,64.03,220.08,100.591
2026-05-11 18:00,33.15,,33.15,28.46,0,28.46,0,10,0.74,111.86,33.27,0,16,0.86,11.68,51.58,125.088,104.146,316.89,0,14,64.06,278.599,100.57
2026-05-11 18:10,33.15,,33.15,28.45,0,28.45,0,10,0.74,114.43,33.27,0,16,0.86,11.68,51.58,125.09,261.159,309.992,0,14,64.08,303.79,100.543
2026-05-11 18:20,33.15,,33.15,28.45,0,28.45,0,10,0.75,117.23,33.28,0,16,0.86,11.68,51.58,125.09,316.027,304.2,0,14,64.1,320.62,100.414
2026-05-11 18:30,33.15,,33.15,28.45,0,28.45,0,10,0.75,114.66,33.28,0,16,0.86,11.68,51.58,125.089,329.727,296.156,0,14,64.12,290.635,100.447
2026-05-11 18:40,33.15,,33.15,28.45,0,28.45,0,10,0.74,114.43,33.27,0,16,0.86,11.68,51.58,125.087,199.383,303.794,0,14,64.135,275.725,100.647
2026-05-11 18:50,33.15,,33.15,28.45,0,28.45,0,10,0.75,113.37,33.28,0,16,0.86,11.68,51.58,125.082,86.311,314.316,0,14,64.15,260.749,100.653
2026-05-11 19:00,33.15,,33.15,28.45,0,28.45,0,10,0.75,110.79,33.28,0,16,0.86,11.68,51.58,125.078,0,312.636,0,14,64.174,274.73,100.557
2026-05-11 19:10,33.15,,33.15,28.44,0,28.44,0,10,0.75,114.66,33.28,0,16,0.86,11.68,51.58,125.075,0,304.568,0,14,64.194,291.126,100.334
2026-05-11 19:20,33.15,,33.15,28.44,0,28.44,0,10,0.75,115.95,33.28,0,16,0.86,11.68,51.58,125.07,0,299.804,0,14,64.22,328.693,100.357
2026-05-11 19:30,33.15,,33.15,28.44,0,28.44,0,10,0.75,117.23,33.28,0,16,0.86,11.68,51.58,125.066,0,305.575,0,14,64.23,283.933,100.442
2026-05-11 19:40,33.15,,33.15,28.44,0,28.44,0,10,0.75,117.23,33.28,0,16,0.86,11.68,51.58,125.061,0,312.652,0,14,64.25,285.748,100.613
2026-05-11 19:50,33.15,,33.15,28.44,0,28.44,0,10,0.75,115.95,33.28,0,16,0.86,11.68,51.58,125.058,0,310.165,0,14,64.27,266.409,100.34
2026-05-11 20:00,33.15,,33.15,28.44,0,28.44,0,10,0.75,112.08,33.28,0,16,0.86,11.68,51.58,125.055,0,291.594,0,14,64.29,300.337,100.06
2026-05-11 20:10,33.15,,33.15,28.43,0,28.43,0,10,0.75,113.37,33.28,0,16,0.86,11.68,51.58,125.052,26.9,291.607,0,14,64.31,301.359,100.344
2026-05-11 20:20,33.15,,33.15,28.43,0,28.43,0,10,0.75,115.95,33.28,0,16,0.86,11.68,51.58,125.051,83.042,286.259,0,14,64.326,288.888,100.26
2026-05-11 20:30,33.15,,33.15,28.43,0,28.43,0,10,0.74,115.72,33.27,0,16,0.86,11.68,51.58,125.051,134.063,243.823,0,14,64.345,286.733,100.597
2026-05-11 20:40,33.15,,33.15,28.43,0,28.43,0,10,0.75,113.37,33.28,0,16,0.86,11.68,51.58,125.058,358.557,30.089,0,14,64.36,270.583,100.227
2026-05-11 20:50,33.15,,33.15,28.43,0,28.43,0,10,0.75,114.66,33.28,0,16,0.86,11.68,51.58,125.062,432.225,0.43,0,14,64.384,298.928,100.295
2026-05-11 21:00,33.15,,33.15,28.43,0,28.43,0,10,0.75,115.95,33.28,0,16,0.86,11.68,51.58,125.056,176.316,0.43,0,14,64.4,289.348,100.189
2026-05-11 21:10,33.15,,33.15,28.43,0,28.43,0,10,0.75,114.66,33.28,0,16,0.86,11.68,51.58,125.053,0,0.43,0,14,64.42,307.641,100.441
2026-05-11 21:20,33.15,,33.15,28.43,0,28.43,0,10,0.75,113.37,33.28,0,16,0.86,11.68,51.58,125.051,0,0.43,0,14,64.436,280.915,100.114
2026-05-11 21:30,33.15,,33.15,28.43,0,28.43,0,10,0.75,112.08,33.28,0,16,0.86,11.68,51.58,125.045,0,0.43,0,14,64.45,274.789,100.48
2026-05-11 21:40,33.15,,33.15,28.43,0,28.43,0,10,0.75,114.66,33.28,0,16,0.86,11.68,51.58,125.043,0,0.43,0,14,64.46,240.331,100.065
2026-05-11 21:50,33.15,,33.15,28.43,0,28.43,0,10,0.75,114.66,33.28,0,16,0.86,11.68,51.58,125.044,0,0.43,0,14,64.46,184.457,100.16
2026-05-11 22:00,33.15,,33.15,28.42,0,28.42,0,10,0.75,114.66,33.28,0,16,0.86,11.68,51.58,125.042,0,0.43,0,14,64.46,135.318,100.229
2026-05-11 22:10,33.15,,33.15,28.43,0,28.43,0,10,0.75,110.79,33.28,0,16,0.86,11.68,51.58,125.045,47.041,0.43,0,14,64.46,100.25,100.363
2026-05-11 22:20,33.15,,33.15,28.42,0,28.42,0,10,0.75,113.37,33.28,0,16,0.86,11.68,51.58,125.049,137.263,0.43,0,14,64.459,96.736,100.283
2026-05-11 22:30,33.15,,33.15,28.42,0,28.42,0,10,0.75,112.08,33.28,0,16,0.86,11.68,51.58,125.051,259.597,0.43,0,14,64.457,89.743,100.251
2026-05-11 22:40,33.15,,33.15,28.42,0,28.42,0,10,0.75,113.37,33.28,0,16,0.86,11.68,51.58,125.053,242.097,0.43,0,14,64.451,68.614,100.309
2026-05-11 22:50,33.15,,33.15,28.42,0,28.42,0,10,0.75,109.5,33.28,0,16,0.86,11.68,51.58,125.054,140.208,0.43,0,14,64.45,68.716,100.424
2026-05-11 23:00,33.15,,33.15,28.42,0,28.42,0,10,0.75,113.37,33.28,0,16,0.86,11.68,51.58,125.054,70.374,0.43,0,14,64.447,65.197,100.358
2026-05-11 23:10,33.15,,33.15,28.42,0,28.42,0,10,0.75,112.08,33.28,0,16,0.86,11.68,51.58,125.053,0,0.43,0,14,64.44,61.834,100.388
2026-05-11 23:20,33.15,,33.15,28.42,0,28.42,0,10,0.75,113.37,33.28,0,16,0.85,11,51.57,125.053,0,0.43,0,14,64.431,33.728,100.105
2026-05-11 23:30,33.15,,33.15,28.42,0,28.42,0,10,0.75,113.37,33.28,0,16,0.85,11,51.57,125.051,0,0.43,0,14,64.429,37.287,100.37
2026-05-11 23:40,33.15,,33.15,28.42,0,28.42,0,10,0.75,110.79,33.28,0,16,0.85,11,51.57,125.05,0,0.43,0,14,64.42,30.391,100.364
2026-05-11 23:50,33.15,,33.15,28.42,0,28.42,0,10,0.75,113.37,33.28,0,16,0.85,11,51.57,125.051,0,0.43,0,14,64.419,58.508,100.458
