시간,여주보(상류)_수위_수위(m),여주보(상류)_수위_유량(m³/s),여주보(상류)_수위_해발수위(El.m),여주보(하류)_수위_수위(m),여주보(하류)_수위_유량(m³/s),여주보(하류)_수위_해발수위(El.m),여주시(여주대교)_강수량_강수량(mm),여주시(여주대교)_강수량_누적강수량(mm),여주시(여주대교)_수위_수위(m),여주시(여주대교)_수위_유량(m³/s),여주시(여주대교)_수위_해발수위(El.m),여주시(주암리)_강수량_강수량(mm),여주시(주암리)_강수량_누적강수량(mm),원주시(문막교)_수위_수위(m),원주시(문막교)_수위_유량(m³/s),원주시(문막교)_수위_해발수위(El.m),충주댐_댐_현재수위(EL.m),충주댐_댐_유입량(m³/s),충주댐_댐_방류량(m³/s),충주시(수안보면사무소)_강수량_강수량(mm),충주시(수안보면사무소)_강수량_누적강수량(mm),충주조정지댐_댐_현재수위(EL.m),충주조정지댐_댐_유입량(m³/s),충주조정지댐_댐_방류량(m³/s)
2026-05-29 21:20,33.22,,33.22,28.49,129.12,28.49,0.0,0.0,0.81,112.09,0.81,0.0,0.0,0.83,9.66,0.83,124.967,113.72,141.578,0.0,0.0,64.47,183.676,113.261
2026-05-29 21:30,33.22,,33.22,28.49,129.85,28.49,0.0,0.0,0.81,108.18,0.81,0.0,0.0,0.83,9.66,0.83,124.968,159.732,127.91,0.0,0.0,64.47,155.529,113.289
2026-05-29 21:40,33.22,,33.22,28.49,130.58,28.49,0.0,0.0,0.81,110.79,0.81,0.0,0.0,0.83,9.66,0.83,124.97,174.483,38.796,0.0,0.0,64.471,141.495,113.268
2026-05-29 21:50,33.22,,33.22,28.49,129.12,28.49,0.0,0.0,0.81,112.09,0.81,0.0,0.0,0.83,9.66,0.83,124.973,226.545,0.43,0.0,0.0,64.48,148.528,113.028
2026-05-29 22:00,33.22,,33.22,28.49,124.74,28.49,0.0,0.0,0.81,109.48,0.81,0.0,0.0,0.83,9.66,0.83,124.975,192.441,0.43,0.0,0.0,64.48,148.396,112.894
2026-05-29 22:10,33.22,,33.22,28.49,123.2,28.49,0.0,0.0,0.8,109.27,0.8,0.0,0.0,0.83,9.66,0.83,124.975,151.374,0.43,0.0,0.0,64.489,176.58,112.819
2026-05-29 22:20,33.22,,33.22,28.49,126.09,28.49,0.0,0.0,0.81,108.18,0.81,0.0,0.0,0.83,9.66,0.83,124.975,40.652,0.43,0.0,0.0,64.49,148.258,112.728
2026-05-29 22:30,33.22,,33.22,28.49,124.64,28.49,0.0,0.0,0.81,106.88,0.81,0.0,0.0,0.83,9.66,0.83,124.974,0.0,0.43,0.0,0.0,64.496,169.431,112.578
2026-05-29 22:40,33.22,,33.22,28.49,128.27,28.49,0.0,0.0,0.81,105.57,0.81,0.0,0.0,0.83,9.66,0.83,124.973,0.0,0.43,0.0,0.0,64.5,151.693,112.605
2026-05-29 22:50,33.22,,33.22,28.49,125.37,28.49,0.0,0.0,0.81,105.57,0.81,0.0,0.0,0.83,9.66,0.83,124.974,0.0,0.43,0.0,0.0,64.5,148.09,112.587
2026-05-29 23:00,33.22,,33.22,28.49,125.37,28.49,0.0,0.0,0.8,102.77,0.8,0.0,0.0,0.83,9.66,0.83,124.975,17.819,0.43,0.0,0.0,64.498,119.651,112.427
2026-05-29 23:10,33.22,,33.22,28.48,122.47,28.48,0.0,0.0,0.81,104.27,0.81,0.0,0.0,0.83,9.66,0.83,124.976,87.652,0.43,0.0,0.0,64.49,77.039,112.604
2026-05-29 23:20,33.22,,33.22,28.48,124.64,28.48,0.0,0.0,0.81,104.27,0.81,0.0,0.0,0.83,9.66,0.83,124.977,63.874,0.43,0.0,0.0,64.49,77.019,112.526
2026-05-29 23:30,33.22,,33.22,28.48,119.57,28.48,0.0,0.0,0.8,104.07,0.8,0.0,0.0,0.83,9.66,0.83,124.979,105.041,0.43,0.0,0.0,64.48,48.701,112.474
2026-05-29 23:40,33.22,,33.22,28.48,123.2,28.48,0.0,0.0,0.81,105.57,0.81,0.0,0.0,0.83,9.66,0.83,124.98,113.763,0.43,0.0,0.0,64.48,77.019,112.393
2026-05-29 23:50,33.22,,33.22,28.47,121.02,28.47,0.0,0.0,0.8,105.37,0.8,0.0,0.0,0.83,9.66,0.83,124.98,114.43,0.43,0.0,0.0,64.476,62.914,112.543
2026-05-30 00:00,33.22,,33.22,28.47,118.85,28.47,0.0,0.0,0.8,101.47,0.8,0.0,0.0,0.83,9.66,0.83,124.981,111.874,0.43,0.0,0.0,64.47,77.071,112.278
2026-05-30 00:10,33.22,,33.22,28.47,120.3,28.47,0.0,0.0,0.8,105.37,0.8,0.0,0.0,0.83,9.66,0.83,124.982,58.541,0.43,0.0,0.0,64.466,62.923,112.283
2026-05-30 00:20,33.22,,33.22,28.47,123.2,28.47,0.0,0.0,0.81,102.97,0.81,0.0,0.0,0.83,9.66,0.83,124.983,87.43,0.43,0.0,0.0,64.46,55.841,112.296
2026-05-30 00:30,33.22,,33.22,28.47,120.94,28.47,0.0,0.0,0.81,102.97,0.81,0.0,0.0,0.83,9.66,0.83,124.985,69.208,0.43,0.0,0.0,64.454,55.958,112.297
2026-05-30 00:40,33.22,,33.22,28.47,118.78,28.47,0.0,0.0,0.8,106.67,0.8,0.0,0.0,0.83,9.66,0.83,124.984,61.486,0.43,0.0,0.0,64.449,52.536,112.347
2026-05-30 00:50,33.22,,33.22,28.47,120.94,28.47,0.0,0.0,0.8,107.97,0.8,0.0,0.0,0.83,9.66,0.83,124.984,17.874,0.43,0.0,0.0,64.44,42.042,112.148
2026-05-30 01:00,33.22,,33.22,28.47,118.78,28.47,0.0,0.0,0.8,106.67,0.8,0.0,0.0,0.84,10.32,0.84,124.983,0.0,0.43,0.0,0.0,64.437,52.58,112.078
2026-05-30 01:10,33.22,,33.22,28.47,118.78,28.47,0.0,0.0,0.8,102.77,0.8,0.0,0.0,0.84,10.32,0.84,124.985,23.708,0.43,0.0,0.0,64.43,45.542,112.067
2026-05-30 01:20,33.22,,33.22,28.47,118.06,28.47,0.0,0.0,0.8,105.37,0.8,0.0,0.0,0.84,10.32,0.84,124.987,87.652,0.43,0.0,0.0,64.427,66.588,112.119
2026-05-30 01:30,33.22,,33.22,28.47,117.34,28.47,0.0,0.0,0.8,105.37,0.8,0.0,0.0,0.84,10.32,0.84,124.988,131.263,0.43,0.0,0.0,64.419,49.21,112.11
2026-05-30 01:40,33.22,,33.22,28.46,117.34,28.46,0.0,0.0,0.8,105.37,0.8,0.0,0.0,0.85,11.0,0.85,124.99,137.041,0.43,0.0,0.0,64.41,42.402,111.978
2026-05-30 01:50,33.22,,33.22,28.46,118.78,28.46,0.0,0.0,0.8,105.37,0.8,0.0,0.0,0.85,11.0,0.85,124.992,139.986,0.43,0.0,0.0,64.404,31.986,111.872
2026-05-30 02:00,33.22,,33.22,28.46,118.78,28.46,0.0,0.0,0.8,110.57,0.8,0.0,0.0,0.85,11.0,0.85,124.993,130.541,0.43,0.0,0.0,64.4,45.895,111.837
2026-05-30 02:10,33.22,,33.22,28.46,117.34,28.46,0.0,0.0,0.8,105.37,0.8,0.0,0.0,0.85,11.0,0.85,124.994,116.708,0.43,0.0,0.0,64.394,56.406,111.843
2026-05-30 02:20,33.22,,33.22,28.46,116.62,28.46,0.0,0.0,0.8,105.37,0.8,0.0,0.0,0.86,11.68,0.86,124.993,37.763,0.43,0.0,0.0,64.388,56.446,111.824
2026-05-30 02:30,33.22,,33.22,28.46,118.78,28.46,0.0,0.0,0.8,105.37,0.8,0.0,0.0,0.86,11.68,0.86,124.993,0.0,0.43,0.0,0.0,64.38,42.695,111.751
2026-05-30 02:40,33.22,,33.22,28.46,120.94,28.46,0.0,0.0,0.8,106.67,0.8,0.0,0.0,0.86,11.68,0.86,124.993,0.0,0.43,0.0,0.0,64.374,42.766,111.723
2026-05-30 02:50,33.22,,33.22,28.46,118.78,28.46,0.0,0.0,0.81,105.57,0.81,0.0,0.0,0.87,12.39,0.87,124.994,0.0,0.43,0.0,0.0,64.37,49.702,111.631
2026-05-30 03:00,33.22,,33.22,28.46,119.5,28.46,0.0,0.0,0.8,104.07,0.8,0.0,0.0,0.87,12.39,0.87,124.994,35.319,0.43,0.0,0.0,64.359,39.559,111.823
2026-05-30 03:10,33.22,,33.22,28.46,119.5,28.46,0.0,0.0,0.8,105.37,0.8,0.0,0.0,0.87,12.39,0.87,124.995,46.986,0.43,0.0,0.0,64.35,29.593,112.327
2026-05-30 03:20,33.22,,33.22,28.46,120.22,28.46,0.0,0.0,0.8,105.37,0.8,0.0,0.0,0.88,13.11,0.88,124.996,73.152,0.43,0.0,0.0,64.347,33.312,112.289
2026-05-30 03:30,33.22,,33.22,28.46,118.78,28.46,0.0,0.0,0.8,104.07,0.8,0.0,0.0,0.88,13.11,0.88,125.0,177.819,0.43,0.0,0.0,64.34,47.197,111.81
2026-05-30 03:40,33.22,,33.22,28.46,120.94,28.46,0.0,0.0,0.8,106.67,0.8,0.0,0.0,0.88,13.11,0.88,125.001,177.763,0.43,0.0,0.0,64.334,57.382,111.714
2026-05-30 03:50,33.22,,33.22,28.46,119.5,28.46,0.0,0.0,0.8,106.67,0.8,0.0,0.0,0.89,13.84,0.89,125.001,128.319,0.43,0.0,0.0,64.325,36.878,111.776
2026-05-30 04:00,33.22,,33.22,28.46,118.78,28.46,0.0,0.0,0.8,102.77,0.8,0.0,0.0,0.89,13.84,0.89,125.0,3.319,0.43,0.0,0.0,64.32,43.719,111.501
2026-05-30 04:10,33.22,,33.22,28.46,116.62,28.46,0.0,0.0,0.8,107.97,0.8,0.0,0.0,0.89,13.84,0.89,125.001,0.0,0.43,0.0,0.0,64.311,33.429,111.179
2026-05-30 04:20,33.22,,33.22,28.46,116.55,28.46,0.0,0.0,0.8,110.57,0.8,0.0,0.0,0.89,13.84,0.89,125.0,0.0,0.43,0.0,0.0,64.306,46.964,111.213
2026-05-30 04:30,33.22,,33.22,28.46,115.12,28.46,0.0,0.0,0.8,106.67,0.8,0.0,0.0,0.9,14.58,0.9,125.001,23.708,0.43,0.0,0.0,64.3,43.501,110.945
2026-05-30 04:40,33.22,,33.22,28.46,117.27,28.46,0.0,0.0,0.8,107.97,0.8,0.0,0.0,0.9,14.58,0.9,125.002,32.374,0.43,0.0,0.0,64.29,40.25,110.927
2026-05-30 04:50,33.22,,33.22,28.46,115.84,28.46,0.0,0.0,0.79,110.36,0.79,0.0,0.0,0.9,14.58,0.9,125.002,55.708,0.43,0.0,0.0,64.286,43.634,111.031
2026-05-30 05:00,33.22,,33.22,28.46,117.27,28.46,0.0,0.0,0.8,109.27,0.8,0.0,0.0,0.9,14.58,0.9,125.003,38.208,0.43,0.0,0.0,64.28,43.659,110.852
2026-05-30 05:10,33.22,,33.22,28.46,117.27,28.46,0.0,0.0,0.8,106.67,0.8,0.0,0.0,0.9,14.58,0.9,125.003,35.374,0.43,0.0,0.0,64.27,43.852,110.839
2026-05-30 05:20,33.22,,33.22,28.46,115.84,28.46,0.0,0.0,0.8,105.37,0.8,0.0,0.0,0.9,14.58,0.9,125.004,55.652,0.43,0.0,0.0,64.263,33.832,110.804
2026-05-30 05:30,33.22,,33.22,28.46,117.27,28.46,0.0,0.0,0.8,105.37,0.8,0.0,0.0,0.91,15.34,0.91,125.005,64.43,0.43,0.0,0.0,64.258,37.302,110.763
2026-05-30 05:40,33.22,,33.22,28.46,115.12,28.46,0.0,0.0,0.8,107.97,0.8,0.0,0.0,0.91,15.34,0.91,125.007,119.652,0.43,0.0,0.0,64.25,44.066,110.633
2026-05-30 05:50,33.22,,33.22,28.46,114.41,28.46,0.0,0.0,0.79,105.16,0.79,0.0,0.0,0.91,15.34,0.91,125.008,122.597,0.43,0.0,0.0,64.243,44.149,110.719
2026-05-30 06:00,33.22,,33.22,28.46,113.69,28.46,0.0,0.0,0.8,105.37,0.8,0.0,0.0,0.91,15.34,0.91,125.009,125.541,0.43,0.0,0.0,64.238,44.24,110.701
2026-05-30 06:10,33.22,,33.22,28.46,115.12,28.46,0.0,0.0,0.8,106.67,0.8,0.0,0.0,0.91,15.34,0.91,125.009,61.486,0.43,0.0,0.0,64.23,44.406,110.631
2026-05-30 06:20,33.22,,33.22,28.46,117.98,28.46,0.0,0.0,0.79,103.87,0.79,0.0,0.0,0.91,15.34,0.91,125.008,0.0,0.43,0.0,0.0,64.222,41.275,110.826
2026-05-30 06:30,33.22,,33.22,28.46,117.27,28.46,0.0,0.0,0.79,106.46,0.79,0.0,0.0,0.91,15.34,0.91,125.007,0.0,0.43,0.0,0.0,64.216,38.21,111.008
2026-05-30 06:40,33.22,,33.22,28.46,116.55,28.46,0.0,0.0,0.79,106.46,0.79,0.0,0.0,0.91,15.34,0.91,125.008,0.0,0.43,0.0,0.0,64.21,45.039,110.949
2026-05-30 06:50,33.22,,33.22,28.45,116.55,28.45,0.0,0.0,0.79,103.87,0.79,0.0,0.0,0.91,15.34,0.91,125.009,26.597,0.43,0.0,0.0,64.201,42.002,111.049
2026-05-30 07:00,33.22,,33.22,28.45,115.12,28.45,0.0,0.0,0.79,105.16,0.79,0.0,0.0,0.91,15.34,0.91,125.01,93.486,0.43,0.0,0.0,64.194,38.827,110.983
2026-05-30 07:10,33.22,,33.22,28.45,120.13,28.45,0.0,0.0,0.79,102.57,0.79,0.0,0.0,0.91,15.34,0.91,125.012,105.152,0.43,0.0,0.0,64.187,35.682,111.015
2026-05-30 07:20,33.22,,33.22,28.45,117.27,28.45,0.0,0.0,0.8,104.07,0.8,0.0,0.0,0.91,15.34,0.91,125.012,87.319,0.43,0.0,0.0,64.18,42.364,110.929
2026-05-30 07:30,33.21,,33.21,28.45,117.27,28.45,0.0,0.0,0.8,102.77,0.8,0.0,0.0,0.91,15.34,0.91,125.013,84.819,0.43,0.0,0.0,64.172,39.206,110.842
2026-05-30 07:40,33.21,,33.21,28.45,118.7,28.45,0.0,0.0,0.8,105.37,0.8,0.0,0.0,0.91,15.34,0.91,125.014,73.208,0.43,0.0,0.0,64.166,42.539,110.848
2026-05-30 07:50,33.21,,33.21,28.45,117.98,28.45,0.0,0.0,0.8,109.27,0.8,0.0,0.0,0.91,15.34,0.91,125.014,67.708,0.43,0.0,0.0,64.16,45.873,110.763
2026-05-30 08:00,33.21,,33.21,28.45,117.98,28.45,0.0,0.0,0.8,107.97,0.8,0.0,0.0,0.91,15.34,0.91,125.014,21.052,18.795,0.0,0.0,64.15,39.61,110.885
2026-05-30 08:10,33.21,,33.21,28.45,117.27,28.45,0.0,0.0,0.8,105.37,0.8,0.0,0.0,0.91,15.34,0.91,125.008,0.0,215.118,0.0,0.0,64.144,39.936,111.493
2026-05-30 08:20,33.21,,33.21,28.45,120.85,28.45,0.0,0.0,0.8,104.07,0.8,0.0,0.0,0.91,15.34,0.91,125.012,14.17,0.43,0.0,0.0,64.137,37.067,111.323
2026-05-30 08:30,33.21,,33.21,28.45,118.7,28.45,0.0,0.0,0.8,107.97,0.8,0.0,0.0,0.91,15.34,0.91,125.019,223.326,0.43,0.0,0.0,64.13,46.94,111.171
2026-05-30 08:40,33.21,,33.21,28.45,118.61,28.45,0.0,0.0,0.79,107.76,0.79,0.0,0.0,0.91,15.34,0.91,125.015,204.041,0.43,0.0,0.0,64.12,34.126,110.884
2026-05-30 08:50,33.21,,33.21,28.45,119.32,28.45,0.0,0.0,0.79,103.87,0.79,0.0,0.0,0.91,15.34,0.91,125.014,61.541,0.43,0.0,0.0,64.116,43.713,110.919
2026-05-30 09:00,33.21,,33.21,28.45,119.32,28.45,0.0,0.0,0.79,105.16,0.79,0.0,0.0,0.91,15.34,0.91,125.018,0.0,0.43,0.0,0.0,64.109,43.735,110.901
2026-05-30 09:10,33.21,,33.21,28.45,117.19,28.45,0.0,0.0,0.79,107.76,0.79,0.0,0.0,0.91,15.34,0.91,125.019,113.93,0.43,0.0,0.0,64.1,47.113,110.853
2026-05-30 09:20,33.21,,33.21,28.45,119.32,28.45,0.0,0.0,0.79,106.46,0.79,0.0,0.0,0.91,15.34,0.91,125.017,93.486,0.43,0.0,0.0,64.095,40.334,99.914
2026-05-30 09:30,33.21,,33.21,28.45,122.16,28.45,0.0,0.0,0.79,106.46,0.79,0.0,0.0,0.91,15.34,0.91,125.019,46.986,0.43,0.0,0.0,64.09,42.886,98.892
2026-05-30 09:40,33.21,,33.21,28.45,124.29,28.45,0.0,0.0,0.8,109.27,0.8,0.0,0.0,0.91,15.34,0.91,125.017,0.0,0.43,0.0,0.0,64.08,35.835,98.868
2026-05-30 09:50,33.21,,33.21,28.45,119.32,28.45,0.0,0.0,0.8,109.27,0.8,0.0,0.0,0.92,16.12,0.92,125.019,46.986,0.43,0.0,0.0,64.073,29.344,99.108
2026-05-30 10:00,33.21,,33.21,28.45,121.45,28.45,0.0,0.0,0.8,106.67,0.8,0.0,0.0,0.92,16.12,0.92,125.019,0.0,0.43,0.0,0.0,64.068,29.477,98.957
2026-05-30 10:10,33.21,,33.21,28.46,123.58,28.46,0.0,0.0,0.79,107.76,0.79,0.0,0.0,0.92,16.12,0.92,125.018,46.986,0.43,0.0,0.0,64.06,36.015,98.98
2026-05-30 10:20,33.21,,33.21,28.45,121.45,28.45,0.0,0.0,0.8,107.97,0.8,0.0,0.0,0.91,15.34,0.91,125.018,0.0,0.43,0.0,0.0,64.053,36.141,98.988
2026-05-30 10:30,33.21,,33.21,28.45,125.0,28.45,0.0,0.0,0.8,114.48,0.8,0.0,0.0,0.92,16.12,0.92,125.018,1.263,0.43,0.0,0.0,64.05,42.49,99.002
2026-05-30 10:40,33.21,,33.21,28.45,125.0,28.45,0.0,0.0,0.8,111.87,0.8,0.0,0.0,0.92,16.12,0.92,125.02,5.263,0.43,0.0,0.0,64.041,39.521,98.907
2026-05-30 10:50,33.21,,33.21,28.45,125.0,28.45,0.0,0.0,0.8,111.87,0.8,0.0,0.0,0.92,16.12,0.92,125.019,35.374,0.43,0.0,0.0,64.037,48.977,99.023
2026-05-30 11:00,33.21,,33.21,28.45,127.14,28.45,0.0,0.0,0.8,107.97,0.8,0.0,0.0,0.92,16.12,0.92,125.024,136.374,0.43,0.0,0.0,64.03,36.79,99.608
2026-05-30 11:10,33.21,,33.21,28.45,124.29,28.45,0.0,0.0,0.8,115.78,0.8,0.0,0.0,0.92,16.12,0.92,125.021,89.584,145.726,0.0,0.0,64.022,40.462,100.088
2026-05-30 11:20,33.21,,33.21,28.45,123.58,28.45,0.0,0.0,0.79,110.36,0.79,0.0,0.0,0.92,16.12,0.92,125.019,54.132,158.74,0.0,0.0,64.016,34.83,100.462
2026-05-30 11:30,33.21,,33.21,28.45,123.58,28.45,0.0,0.0,0.8,110.57,0.8,0.0,0.0,0.92,16.12,0.92,125.021,74.882,155.845,0.0,0.0,64.01,37.137,100.527
2026-05-30 11:40,33.21,,33.21,28.45,120.03,28.45,0.0,0.0,0.8,111.87,0.8,0.0,0.0,0.92,16.12,0.92,125.019,85.941,161.406,0.0,0.0,64.003,37.456,100.548
2026-05-30 11:50,33.21,,33.21,28.45,119.32,28.45,0.0,0.0,0.8,111.87,0.8,0.0,0.0,0.92,16.12,0.92,125.015,51.191,159.323,0.0,0.0,63.999,42.065,100.622
2026-05-30 12:00,33.21,,33.21,28.45,118.61,28.45,0.0,0.0,0.8,109.27,0.8,0.0,0.0,0.92,16.12,0.92,125.017,36.272,154.754,0.0,0.0,63.99,30.28,100.67
2026-05-30 12:10,33.21,,33.21,28.45,120.74,28.45,0.0,0.0,0.8,104.07,0.8,0.0,0.0,0.92,16.12,0.92,125.016,92.002,162.762,0.0,0.0,63.984,33.985,100.665
2026-05-30 12:20,33.21,,33.21,28.45,127.14,28.45,0.0,0.0,0.8,110.57,0.8,0.0,0.0,0.92,16.12,0.92,125.011,40.36,161.232,0.0,0.0,63.98,34.09,100.77
2026-05-30 12:30,33.21,,33.21,28.45,125.0,28.45,0.0,0.0,0.8,105.37,0.8,0.0,0.0,0.92,16.12,0.92,125.012,12.756,159.942,0.0,0.0,63.97,30.741,100.788
2026-05-30 12:40,33.21,,33.21,28.45,127.14,28.45,0.0,0.0,0.79,110.36,0.79,0.0,0.0,0.92,16.12,0.92,125.013,60.268,156.297,0.0,0.0,63.963,27.217,100.592
2026-05-30 12:50,33.21,,33.21,28.44,128.56,28.44,0.0,0.0,0.79,105.16,0.79,0.0,0.0,0.92,16.12,0.92,125.014,237.071,159.309,0.0,0.0,63.96,30.762,100.741
2026-05-30 13:00,33.21,,33.21,28.44,130.69,28.44,0.0,0.0,0.79,102.57,0.79,0.0,0.0,0.92,16.12,0.92,125.015,238.321,154.358,0.0,0.0,63.95,30.837,100.68
2026-05-30 13:10,33.21,,33.21,28.45,127.69,28.45,0.0,0.0,0.79,115.55,0.79,0.0,0.0,0.92,16.12,0.92,125.013,171.014,164.541,0.0,0.0,63.955,72.793,100.626
2026-05-30 13:20,33.21,,33.21,28.45,130.69,28.45,0.0,0.0,0.8,111.87,0.8,0.0,0.0,0.92,16.12,0.92,125.011,78.057,159.773,0.0,0.0,63.966,121.604,100.674
2026-05-30 13:30,33.21,,33.21,28.45,128.39,28.45,0.0,0.0,0.79,111.66,0.79,0.0,0.0,0.92,16.12,0.92,125.008,0.0,161.136,0.0,0.0,63.978,198.497,100.857
2026-05-30 13:40,33.21,,33.21,28.45,129.98,28.45,0.0,0.0,0.8,115.78,0.8,0.0,0.0,0.92,16.12,0.92,125.005,0.0,166.813,0.0,0.0,63.98,188.091,100.575
2026-05-30 13:50,33.21,,33.21,28.45,132.82,28.45,0.0,0.0,0.79,114.48,0.79,0.0,0.0,0.92,16.12,0.92,125.003,0.0,168.417,0.0,0.0,63.98,149.737,100.78
